{"cameraMode":{"drawMode":0,"name":"Shaded","section":"Shading Mode"},"sceneLighting":false,"audioPlay":false,"sceneViewState":{"m_AlwaysRefresh":false,"showFog":true,"showSkybox":false,"showFlares":true,"showImageEffects":true,"showParticleSystems":true,"showVisualEffectGraphs":true,"m_FxEnabled":true},"in2DMode":false,"pivot":{"x":-0.6802722215652466,"y":2.1969306468963625,"z":-8.688590049743653},"rotation":{"x":-0.012484325096011162,"y":-0.9860820174217224,"z":0.08690855652093888,"w":-0.1414623111486435},"size":1.4444242715835572,"orthographic":false}