{"cameraMode":{"drawMode":0,"name":"Shaded","section":"Shading Mode"},"sceneLighting":true,"audioPlay":false,"sceneViewState":{"m_AlwaysRefresh":false,"showFog":true,"showSkybox":true,"showFlares":true,"showImageEffects":true,"showParticleSystems":true,"showVisualEffectGraphs":true,"m_FxEnabled":true},"in2DMode":false,"pivot":{"x":-4.78844690322876,"y":4.417219638824463,"z":17.046146392822267},"rotation":{"x":-0.005820049438625574,"y":-0.0603402815759182,"z":0.0030421200208365919,"w":-0.998418927192688},"size":0.6061441898345947,"orthographic":false}