{"cameraMode":{"drawMode":0,"name":"Shaded","section":"Shading Mode"},"sceneLighting":true,"audioPlay":false,"sceneViewState":{"m_AlwaysRefresh":false,"showFog":true,"showSkybox":true,"showFlares":true,"showImageEffects":true,"showParticleSystems":true,"showVisualEffectGraphs":true,"m_FxEnabled":true},"in2DMode":false,"pivot":{"x":7.893598556518555,"y":10.773988723754883,"z":150.53688049316407},"rotation":{"x":0.20412057638168336,"y":0.7900938391685486,"z":-0.3501769006252289,"w":0.4600280225276947},"size":1.2247447967529297,"orthographic":false}