{"cameraMode":{"drawMode":0,"name":"Shaded","section":"Shading Mode"},"sceneLighting":true,"audioPlay":false,"sceneViewState":{"m_AlwaysRefresh":false,"showFog":true,"showSkybox":true,"showFlares":true,"showImageEffects":true,"showParticleSystems":true,"showVisualEffectGraphs":true,"m_FxEnabled":true},"in2DMode":false,"pivot":{"x":-9.342915534973145,"y":1.585172176361084,"z":-3.6864097118377687},"rotation":{"x":-0.06530791521072388,"y":-0.34661373496055605,"z":0.025653110817074777,"w":-0.9356248378753662},"size":0.9728872179985046,"orthographic":false}