{"cameraMode":{"drawMode":0,"name":"Shaded","section":"Shading Mode"},"sceneLighting":true,"audioPlay":false,"sceneViewState":{"m_AlwaysRefresh":false,"showFog":true,"showSkybox":true,"showFlares":true,"showImageEffects":true,"showParticleSystems":true,"showVisualEffectGraphs":true,"m_FxEnabled":true},"in2DMode":false,"pivot":{"x":-460.2268371582031,"y":2.425945281982422,"z":314.14080810546877},"rotation":{"x":0.04554494097828865,"y":0.5942605137825012,"z":-0.033720094710588458,"w":0.8023075461387634},"size":0.8660253882408142,"orthographic":false}