{"position":{"x":-9.439559936523438,"y":-9.66218090057373,"z":70.93135070800781},"ids":[1,0,4,2,3,6,-1],"level":0,"itemInM":["{\"id\":7,\"pos\":{\"x\":-10.170000076293946,\"y\":-9.010000228881836,\"z\":83.0719985961914}}"],"itemInB":[],"isOpPor":true,"s":2,"dialog":1,"v1":true,"v2":true,"c":2}
