{"position":{"x":-444.6495056152344,"y":1.5,"z":284.75},"ids":[1,0,2,3,6,4,-1],"level":1,"itemInM":["{\"id\":4,\"pos\":{\"x\":-3.7860310077667238,\"y\":-0.8300002813339233,\"z\":3.5446653366088869}}"],"itemInB":[],"isOpPor":true,"s":15,"dialog":2,"v1":true,"v2":true,"c":0}
