{"position":{"x":6.186314105987549,"y":2.854576587677002,"z":-2.869436264038086},"ids":[-1,-1,-1,-1,-1,-1,-1],"level":0,"itemInM":["{\"id\":4,\"pos\":{\"x\":-3.7860310077667238,\"y\":2.5139999389648439,\"z\":3.5446653366088869}}","{\"id\":1,\"pos\":{\"x\":6.113399982452393,\"y\":1.9199999570846558,\"z\":18.117050170898439}}","{\"id\":0,\"pos\":{\"x\":1.144899845123291,\"y\":1.9199999570846558,\"z\":17.191299438476564}}","{\"id\":3,\"pos\":{\"x\":-5.243299961090088,\"y\":2.7339746952056886,\"z\":41.717376708984378}}","{\"id\":2,\"pos\":{\"x\":4.251997947692871,\"y\":1.8545665740966797,\"z\":-6.601278781890869}}","{\"id\":5,\"pos\":{\"x\":-5.851799964904785,\"y\":-10.198199272155762,\"z\":59.636199951171878}}","{\"id\":5,\"pos\":{\"x\":-14.243799209594727,\"y\":-10.599899291992188,\"z\":64.18779754638672}}"],"itemInB":["{\"id\":6,\"pos\":{\"x\":-437.7318,\"y\":0.5,\"z\":325.8735}}"],"isOpPor":false,"s":2,"dialog":0,"v1":false,"v2":false,"c":0}
