{"position":{"x":6.762697696685791,"y":-2.0755999088287355,"z":72.84249114990235},"ids":[-1,-1,-1,-1,-1,-1,-1],"level":0,"itemInM":["{\"id\":4,\"pos\":{\"x\":-3.7860310077667238,\"y\":-0.8300002813339233,\"z\":3.5446653366088869}}","{\"id\":1,\"pos\":{\"x\":-2.4000000953674318,\"y\":1.9199999570846558,\"z\":15.449999809265137}}","{\"id\":0,\"pos\":{\"x\":-2.4000000953674318,\"y\":1.9199999570846558,\"z\":15.449999809265137}}","{\"id\":3,\"pos\":{\"x\":3.9657998085021974,\"y\":4.7395501136779789,\"z\":36.09369659423828}}","{\"id\":2,\"pos\":{\"x\":-2.384185791015625e-7,\"y\":2.6399998664855959,\"z\":2.086162567138672e-7}}"]}
