{"position":{"x":21.79191780090332,"y":3.6399998664855959,"z":159.47125244140626},"ids":[2,4,1,0,3,6,7],"level":0,"itemInM":[],"itemInB":[],"isOpPor":false,"s":28,"dialog":1,"v1":true,"v2":true,"c":2}
