{"position":{"x":-0.4475424289703369,"y":3.640000104904175,"z":-2.8249034881591799},"ids":[-1,-1,-1,-1,-1,-1,-1],"level":0,"itemInM":["{\"id\":4,\"pos\":{\"x\":-3.7860310077667238,\"y\":-0.8300002813339233,\"z\":3.5446653366088869}}","{\"id\":1,\"pos\":{\"x\":-2.4000000953674318,\"y\":1.9199999570846558,\"z\":15.449999809265137}}","{\"id\":0,\"pos\":{\"x\":-2.4000000953674318,\"y\":1.9199999570846558,\"z\":15.449999809265137}}","{\"id\":3,\"pos\":{\"x\":3.9657998085021974,\"y\":4.7395501136779789,\"z\":36.09369659423828}}","{\"id\":2,\"pos\":{\"x\":-5.066394805908203e-7,\"y\":2.640000343322754,\"z\":-1.1920928955078126e-7}}","{\"id\":5,\"pos\":{\"x\":-5.851799964904785,\"y\":-10.198199272155762,\"z\":59.636199951171878}}","{\"id\":5,\"pos\":{\"x\":-14.243799209594727,\"y\":-10.599899291992188,\"z\":64.18779754638672}}"],"itemInB":["{\"id\":6,\"pos\":{\"x\":-437.7318115234375,\"y\":0.5,\"z\":325.87353515625}}"],"isOpPor":false,"s":0,"dialog":0,"v1":false,"v2":false}
