{"position":{"x":-12.98360824584961,"y":-9.460000991821289,"z":60.60493469238281},"ids":[1,0,3,-1,-1,-1,-1],"level":0,"itemInM":["{\"id\":4,\"pos\":{\"x\":-3.7860310077667238,\"y\":-0.8300002813339233,\"z\":3.5446653366088869}}","{\"id\":2,\"pos\":{\"x\":3.7416560649871828,\"y\":2.640000820159912,\"z\":-8.877379417419434}}"],"itemInB":[],"isOpPor":true,"s":17,"dialog":3}
