{"cameraMode":{"drawMode":0,"name":"Shaded","section":"Shading Mode"},"sceneLighting":false,"audioPlay":false,"sceneViewState":{"m_AlwaysRefresh":false,"showFog":true,"showSkybox":true,"showFlares":true,"showImageEffects":true,"showParticleSystems":true,"showVisualEffectGraphs":true,"m_FxEnabled":true},"in2DMode":false,"pivot":{"x":-28.666839599609376,"y":-1.3718557357788087,"z":91.04460144042969},"rotation":{"x":0.11987752467393875,"y":-0.6517600417137146,"z":0.10530377179384232,"w":0.7417423129081726},"size":12.778421401977539,"orthographic":false}